text,label
🚀 NFLX IS THE MOST UNDERRATED MONEY PRINTER ON THE MARKET RIGHT NOW AND YOU'RE SLEEPING ON IT 🚀,momentum_hype
"The volatility of the last few months due to the war, the constant “peace talks are looking promising!” then whiplashing to “just kidding everything is getting blown up”, constant need to restructure strategies to factor all of this in(obviously this is always a thing, but not to this extent). It’s all just exhausting, frustrating, and infuriating that it is being allowed to continue. I guess financial laws only apply to us normies. ",existential_doomer
"friday's gold move is the bond market talking. gold opened 4652 and closed 4538 on the broker daily candle, low of 4511 intraday. 114 dollar single-day drop. silver collapsed from a weekly high near 88 down to a 75.89 close. this looks insane when CPI is at 3.8 percent (highest since may 2023) and PPI is at 6 percent with wholesale gasoline up 15.6 percent in a single month. gold is supposed to be the inflation hedge. the answer is real rates. 30 year treasury yield at the highest level since may 22 2025, approaching territory not seen consistently since before 2008. when nominal yields rise that fast while inflation is sticky, real rates rise. gold pays no yield. bonds now pay more than they have in nearly two decades. opportunity cost of holding gold goes up.",technical_dd
"GME IS BACK ON THE MENU BOYS 🚀🚀🚀 SHORT SQUEEZE INCOMING, APES TOGETHER STRONG 🦍💎🙌",momentum_hype
Just deployed a new stat-arb bot on crypto pairs. Using a Kalman filter for dynamic hedge ratios. Initial paper trading shows 15% annualized alpha.,technical_dd
"The Fed is trapped. If they raise rates, the economy breaks. If they cut, inflation runs hot. We are heading for a lost decade similar to Japan.",existential_doomer
NVDA literally cannot stop printing. AI is the future and Jensen is our god. Buying 0DTE calls at open! 🚀🚀,momentum_hype
"Looking at the VIX term structure, we are seeing significant backwardation. This usually precedes a massive volatility spike. Hedging with SPX puts.",technical_dd
"Commercial real estate is a ticking time bomb. When these loans refinance at higher rates, regional banks are going to collapse. It's 2008 all over again.",existential_doomer
TSLA is breaking out of a multi-month bull flag! Target is $300 by next week. Don't miss the train! 🚂💨,momentum_hype
I've been analyzing the order book imbalance on Binance. There's a clear predictive signal when the top 5 levels are skewed > 60% towards the bid.,technical_dd
Global supply chains are fundamentally broken. De-globalization means structurally higher inflation for the next 20 years. Equities will suffer.,existential_doomer
AMD ER is going to be a massive beat. Lisa Su never misses. Loading up on leaps! 🚀📈,momentum_hype
Implemented a pairs trading strategy using cointegration on oil majors (XOM/CVX). The spread is currently 2 standard deviations away from the mean.,technical_dd
Consumer debt is at all-time highs while savings rates are plummeting. The consumer is tapped out. A hard landing is inevitable.,existential_doomer
"BITCOIN TO 100K BY EOY!!! Institutional adoption is here, ETFs are buying everything. Have fun staying poor! 🚀🌕",momentum_hype
"Backtested a simple moving average crossover (50/200) on QQQ. Surprisingly, it still produces positive expectancy if you filter for low volatility regimes.",technical_dd
The demographic cliff in developed nations means structural labor shortages and stagnant growth. There is no escape from the aging population crisis.,existential_doomer
SMCI is the next NVDA! The server demand is insane. Just mortgaged my house to buy more shares! 🚀🚀🚀,momentum_hype
Using Fourier transforms to identify cyclical components in agricultural commodities. Found a strong 4-year cycle in wheat prices.,technical_dd
Geopolitical tensions are at boiling point. One wrong move in the Middle East or Taiwan and the global economy shuts down. Holding physical gold.,existential_doomer
"RIVN is heavily shorted. If they announce positive margins next quarter, this thing will violently squeeze! 🚀🍋",momentum_hype
Analyzed the correlation between M2 money supply growth and SP500 returns. R-squared is 0.85 over the last decade. Liquidity drives everything.,technical_dd
The commercial office space sector is dead. Remote work killed it. Anyone holding REITs is going to get wiped out in the coming years.,existential_doomer
"COIN is going parabolic! As long as BTC pumps, COIN prints money. Buying every dip! 🚀💸",momentum_hype
"Developing a high-frequency market making algorithm. Latency is currently around 5ms, need to optimize my C++ code to get it under 1ms to compete.",technical_dd
Student loan repayments resuming will suck billions out of the consumer economy. Retail stocks are going to get slaughtered this holiday season.,existential_doomer
HOOD is the ultimate retail comeback play! Volume is returning and options trading is booming. To the moon! 🚀🚀,momentum_hype
"Looking at the Options chain for AAPL, massive call wall at $190. Market makers will pin it there for OpEx. Selling iron condors.",technical_dd
The national debt is unsustainable. Interest payments will soon exceed the defense budget. Fiat currency is fundamentally flawed and will collapse.,existential_doomer
MARA and RIOT are going to explode with the halving coming up! Miners are the ultimate leveraged play on BTC! 🚀⛏️,momentum_hype
Using machine learning (Random Forest) to predict daily directional movement based on macroeconomic indicators. Accuracy is currently hovering around 54%.,technical_dd
Climate change will cause massive disruptions to agriculture and supply chains. Insurance premiums will skyrocket. The economic fallout will be catastrophic.,existential_doomer
ARM is the backbone of the AI revolution! Every chip needs their architecture. Literally a monopoly. Buying calls! 🚀🧠,momentum_hype
Calculated the beta of my portfolio against the Nasdaq. It's 1.5. I need to diversify into non-correlated assets to reduce systemic risk.,technical_dd
The housing market is frozen. Nobody wants to sell and give up their 3% mortgage. First-time buyers are screwed. A lost generation for wealth building.,existential_doomer
"SOFI is disrupting the entire banking sector! Student loans, mortgages, investing, all in one app. Massive growth potential! 🚀🏦",momentum_hype
Analyzing the MACD divergence on the weekly chart for SPY. It's signaling a potential trend reversal. Waiting for confirmation before entering short.,technical_dd
AI will automate millions of white-collar jobs. The middle class will be hollowed out. Universal Basic Income is the only way to prevent mass unrest.,existential_doomer
CRWD is unstoppable! Cybersecurity is a blank check industry right now. Earnings will be a massive beat! 🚀🔒,momentum_hype
"Built a custom indicator that combines RSI, Bollinger Bands, and Volume Profile. It highlights high-probability mean reversion zones.",technical_dd
The BRICS nations are moving away from the US Dollar. The petrodollar system is ending. This will cause massive inflation in the US.,existential_doomer
MSTR is basically a Bitcoin ETF on steroids! Saylor is a genius. Buying the dip! 🚀🐋,momentum_hype
Scraping SEC Edgar for insider buying data. Found a strong correlation between cluster buying by C-suite executives and subsequent 6-month outperformance.,technical_dd
"The shadow banking system is unregulated and full of hidden leverage. When it unwinds, it will make 2008 look like a minor correction.",existential_doomer
DKNG is taking over sports betting! State by state legalization is a massive tailwind. Total addressable market is huge! 🚀🏈,momentum_hype
"Running a Monte Carlo simulation on my retirement portfolio. Assuming a 4% withdrawal rate, I have a 95% chance of not running out of money.",technical_dd
Corporate bankruptcies are accelerating. The era of free money kept zombie companies alive. The reckoning is finally here.,existential_doomer
UBER is finally profitable! The duopoly with Lyft is solidified. Free cash flow machine! 🚀🚗,momentum_hype
"Analyzing the implied volatility surface of SPX options. The volatility smile is getting steeper, indicating increased demand for tail-risk protection.",technical_dd
The wealth gap is wider than it was during the Gilded Age. This level of inequality is socially and economically unsustainable. Expect massive wealth taxes.,existential_doomer
ABNB is going to crush earnings! Travel demand is still off the charts. Everyone wants experiences over things! 🚀✈️,momentum_hype
Using natural language processing on FOMC meeting minutes to gauge sentiment. A hawkish shift is clearly visible in the text data.,technical_dd
The energy transition will be incredibly inflationary. We don't have the materials or infrastructure to replace fossil fuels quickly enough.,existential_doomer
SHOP is the anti-Amazon! Empowering small businesses. E-commerce penetration still has a long way to go! 🚀🛍️,momentum_hype
Developing a statistical arbitrage strategy based on ETF constituents. Exploiting pricing inefficiencies between the ETF and its underlying basket of stocks.,technical_dd
The rise of deepfakes and AI-generated misinformation will destroy trust in financial markets. Flash crashes caused by fake news will become common.,existential_doomer
ROKU is deeply undervalued! Connected TV is the future of advertising. They own the operating system! 🚀📺,momentum_hype
"Analyzing the Commitments of Traders (COT) report for gold. Commercial hedgers are heavily net short, which usually precedes a price drop.",technical_dd
The global debt-to-GDP ratio is over 300%. We are borrowing from the future to fund current consumption. A sovereign debt crisis is inevitable.,existential_doomer
SQ is revolutionizing payments! Cash App is a lifestyle brand for Gen Z. Bitcoin integration is a game changer! 🚀💸,momentum_hype
Backtesting a momentum strategy using the Rate of Change (ROC) indicator on sector ETFs. Rotating into the top 3 performing sectors every month.,technical_dd
The lack of affordable housing is destroying the social fabric. We are creating a permanent renter class. This will lead to severe economic stagnation.,existential_doomer
PTON is a prime buyout target! Apple or Amazon will acquire them for their subscriber base. Squeeze imminent! 🚀🚴‍♂️,momentum_hype
"Using hidden Markov models to identify different market regimes (bull, bear, sideways). Adjusting portfolio allocation dynamically based on the current regime.",technical_dd
The over-financialization of the economy means we produce nothing of real value. We just trade paper back and forth. It's a house of cards.,existential_doomer
LCID is the only true competitor to Tesla! The tech is superior. Saudi backing means unlimited capital! 🚀🔋,momentum_hype
"Analyzing the correlation matrix of major asset classes. Equities and bonds are increasingly positively correlated, reducing the benefit of traditional 60/40 portfolios.",technical_dd
"Water scarcity will be the biggest geopolitical issue of the next 50 years. Wars will be fought over access to fresh water, not oil.",existential_doomer
WENDYS tendies are back! Ryan Cohen is going to turn this ship around! 🚀🍗,momentum_hype
Implementing a delta-neutral options strategy (Iron Butterfly) on earnings plays to profit from the volatility crush post-announcement.,technical_dd
The rapid advancement of AI will lead to the singularity faster than we think. Financial markets will become entirely incomprehensible to humans.,existential_doomer
BABA is a value trap! But the technicals look so good right now. One good earnings report and it doubles! 🚀🇨🇳,momentum_hype
Using principal component analysis (PCA) to reduce the dimensionality of macroeconomic data and identify the core factors driving market returns.,technical_dd
The global population is projected to peak and then rapidly decline. A shrinking population means structurally lower GDP growth forever.,existential_doomer
"ASTS is building a cell tower in space! If it works, it's a 100x bagger. The ultimate asymmetric bet! 🚀🛰️",momentum_hype
Analyzing the bid-ask spread and order book depth to estimate market liquidity and transaction costs for my high-frequency trading algorithm.,technical_dd
We are living in a simulation and the market makers control the matrix. Retail traders are just liquidity providers for the algorithms.,existential_doomer
The grid is incredibly fragile. One solar flare or coordinated cyber attack and we are back to the stone age. Equities won't matter when you're fighting for canned beans.,existential_doomer
Auto loan defaults are skyrocketing. Repossession lots are full. The subprime auto bubble is bursting and it will take down the lenders.,existential_doomer
PLTR is securing every government contract on earth. They are the operating system of the military industrial complex. 🚀🛡️,momentum_hype
Credit card debt just hit another record high while interest rates are punishing. The consumer is drowning and the holiday shopping season will be a disaster.,existential_doomer
"Pensions are severely underfunded. When the boomers try to cash out all at once, the system will break. We will see massive bailouts or massive poverty.",existential_doomer
"Looking at the copper-to-gold ratio, we are pricing in a severe manufacturing recession. The divergence with the SPX is alarming.",technical_dd
Microplastics are in everything. Birth rates are plummeting because of it. A shrinking population with chronic health issues cannot sustain economic growth.,existential_doomer
The Fed's balance sheet reduction (QT) is quietly sucking liquidity out of the system. The reverse repo facility is draining. The crash will be sudden.,existential_doomer
CBDCs are coming and they will mean the end of financial privacy. Programmable money will be used to control consumption. Buy Bitcoin.,existential_doomer
"TSM is the single point of failure for the global economy. If anything happens to Taiwan, tech stocks go to zero.",existential_doomer
MSTR is buying more Bitcoin! Saylor is cornering the market. Squeeze the shorts! 🚀🪙,momentum_hype
Topsoil depletion means we only have about 60 harvests left. Food prices are going to structurally inflate forever. Buy agricultural land.,existential_doomer
The middle class is being intentionally destroyed to create a neo-feudal society of renters and gig workers. You will own nothing and you will be happy.,existential_doomer
Running a statistical analysis on the VIX. The current compression is in the 1st percentile of historical data. An explosive move is imminent.,technical_dd
"Healthcare costs are growing faster than wages. Soon, the average family won't be able to afford basic medical care without going bankrupt.",existential_doomer
"Regional banks are still sitting on massive unrealized losses in their HTM portfolios. The crisis wasn't solved, it was just papered over.",existential_doomer
RIVN is ramping up production! The new R2 looks amazing. Taking market share from legacy auto! 🚀🚙,momentum_hype
The insurance industry is quietly pulling out of coastal areas and wildfire zones. Real estate in these areas will soon be uninsurable and therefore unmortgageable.,existential_doomer
"AI isn't going to create new jobs, it's going to hyper-concentrate wealth into the hands of a few tech monopolies while the rest of us starve.",existential_doomer
We are in a silent depression. The official inflation numbers are manipulated to hide the true cost of living increases.,existential_doomer
Using a GARCH model to forecast volatility for the upcoming earnings season. Implied volatility is severely underpricing the historical realized volatility.,technical_dd
"The commercial real estate doom loop is accelerating. Empty offices mean lower property taxes, which means city services get cut, driving more people away.",existential_doomer
Student loans are a trillion-dollar anchor on the economy. An entire generation cannot afford to start families or buy homes.,existential_doomer
CRWD is the ultimate SaaS play! Gross margins are insane. Expanding into identity protection. 🚀🔒,momentum_hype
The petrodollar is dead. Saudi Arabia selling oil in Yuan is the beginning of the end for US hegemony and the strong dollar.,existential_doomer
Corporate stock buybacks are the only thing keeping the market afloat. It's artificial demand funded by cheap debt that is no longer cheap.,existential_doomer
We are running out of cheap energy. EROI (Energy Return on Investment) is falling globally. This is the root cause of all inflation.,existential_doomer
"Analyzing the yield curve inversion. The 10Y-3M spread has been inverted for the longest period in history. The recession is delayed, not canceled.",technical_dd
"The gig economy is a race to the bottom. No benefits, no security, just constant hustle to barely survive. The social contract is broken.",existential_doomer
Social security will be insolvent by 2033. The government will either have to print trillions or cut benefits drastically. Both lead to disaster.,existential_doomer
SOFI earnings next week! They are stealing all the big bank customers. Profitability is accelerating! 🚀🏦,momentum_hype
The 'everything bubble' is popping in slow motion. We are witnessing the unwinding of 40 years of falling interest rates.,existential_doomer
Farmland is being bought up by mega-corporations and billionaires. The independent farmer is dead. Food supply will be monopolized.,existential_doomer
The global south is drowning in dollar-denominated debt. A strong dollar will trigger a wave of sovereign defaults across emerging markets.,existential_doomer
Backtesting a mean-reversion strategy on the RSI of the SPY. Buying when RSI < 30 and selling when RSI > 70 has underperformed buy-and-hold recently.,technical_dd
"The quality of everything is declining (enshittification). Products are designed to break, services are automated to the point of uselessness. Value is dead.",existential_doomer
Water infrastructure in the US is crumbling. Lead pipes and failing treatment plants will lead to a national health crisis.,existential_doomer
COIN is the gateway to web3! Base layer adoption is exploding. Transaction fees are pure profit! 🚀🌐,momentum_hype
The massive increase in passive investing (index funds) has broken price discovery. The market is just a mindless momentum machine now.,existential_doomer
"Private equity is destroying every industry it touches. They load companies with debt, strip the assets, and leave the workers unemployed.",existential_doomer
The psychological toll of constant crises is paralyzing the workforce. Burnout is at all-time highs. Productivity will plummet.,existential_doomer
"Looking at the open interest on SPX zero-day options (0DTE). Market makers are forced to hedge dynamically, creating massive intraday whipsaws.",technical_dd
The supply of rare earth metals is controlled by geopolitical rivals. The green energy transition is entirely dependent on their goodwill.,existential_doomer
The wealth gap has created two entirely different economies. Luxury goods are booming while discount stores are struggling because the poor are tapped out.,existential_doomer
ASTS successful launch! Global broadband from space is real! Telecom monopolies are terrified! 🚀🛰️,momentum_hype
"The antibiotic resistance crisis is being ignored. A simple infection could become lethal again, devastating the global workforce and healthcare systems.",existential_doomer
The national debt is a mathematical impossibility to pay off. The only way out is hyperinflation to inflate the debt away. Cash is trash.,existential_doomer
"The media is constantly gaslighting us about the strength of the economy. Look at the real numbers: labor participation is down, real wages are down.",existential_doomer
Implementing a pairs trade on Gold and Silver miners. The ratio is currently stretched to historical extremes. Expecting a reversion to the mean.,technical_dd
"The push for electric vehicles is a scam. The grid can't handle it, and the battery materials are mined with slave labor. It's not sustainable.",existential_doomer
The 'soft landing' narrative is just propaganda to keep retail invested while the smart money exits. Look at insider selling ratios.,existential_doomer
"HOOD is launching new features! Retirement accounts, credit cards, global expansion. The super app is here! 🚀📱",momentum_hype
The constant printing of money has destroyed the signaling function of interest rates. Capital is being misallocated on a massive scale.,existential_doomer
We are one bad harvest away from global famine. The supply chains are too optimized and have zero resilience to shocks.,existential_doomer
The political polarization is so extreme that basic governance is impossible. We are heading towards balkanization or civil conflict.,existential_doomer
Analyzing the Fibonacci retracement levels on the weekly Nasdaq chart. We are perfectly bouncing off the 0.618 golden ratio. Bullish continuation.,technical_dd
The rise of deepfakes means we will soon enter a post-truth era. Financial markets will be incredibly vulnerable to coordinated disinformation campaigns.,existential_doomer
The shadow banking sector is larger than the regulated banking sector and holds toxic assets we don't even know about. The next crash comes from there.,existential_doomer
"NVDA is the new standard oil! Data is the new oil, and GPUs are the refineries. Unstoppable monopoly! 🚀🛢️",momentum_hype
"The birth rate collapse means there won't be enough young people to support the elderly or drive innovation. A slow, agonizing economic death.",existential_doomer
The push for 15-minute cities is just a precursor to climate lockdowns. They want to restrict movement and consumption to save the planet.,existential_doomer
The massive stimulus during COVID pulled forward a decade of demand. We are now facing a massive hangover of overcapacity and bloated inventories.,existential_doomer
Using a Kalman filter to estimate the hidden state of market momentum. The model indicates a transition from a trending to a mean-reverting regime.,technical_dd
"The financialization of housing means homes are no longer places to live, but speculative assets. This destroys communities and social cohesion.",existential_doomer
The constant barrage of negative news is designed to keep us fearful and compliant. A fearful population is easier to control and extract wealth from.,existential_doomer
AMD is eating Intel's lunch! Server market share is growing every quarter. Lisa Su is a visionary! 🚀💻,momentum_hype
"The global reliance on GPS is a massive vulnerability. If the satellites are jammed or destroyed, global logistics and financial markets freeze instantly.",existential_doomer
The 'great wealth transfer' from boomers to millennials will mostly be intercepted by the healthcare system and end-of-life care costs.,existential_doomer
"The increasing frequency of extreme weather events will bankrupt the reinsurance industry, leading to a collapse of the entire insurance market.",existential_doomer
Scraping alternative data (satellite imagery of parking lots) to predict retail earnings. The data shows a significant drop in foot traffic year-over-year.,technical_dd
The modern monetary theory (MMT) experiment has failed. You cannot print wealth. We are now paying the price with structural inflation.,existential_doomer
"The erosion of trust in institutions (government, media, science) means society is losing its ability to coordinate and solve complex problems.",existential_doomer
"GME earnings are going to shock the world! Billions in cash, no debt, transformation complete! MOASS is tomorrow! 🚀🦍",momentum_hype
The massive leverage in the system means even a small drop in asset prices will trigger margin calls and a cascading liquidation event.,existential_doomer
The push for ESG investing is just a grift to charge higher fees while misallocating capital away from productive industries.,existential_doomer
The rapid decline of the US empire will create a dangerous multipolar world with constant proxy wars and disrupted trade routes.,existential_doomer
Developing a trading algorithm based on sentiment analysis of Reddit comments. It's currently showing a strong contrarian signal when hype peaks.,technical_dd
The reliance on complex algorithms for trading means we don't even understand why the market moves anymore. A flash crash could wipe out everything.,existential_doomer
The 'hustle culture' is a symptom of a broken economy where one job is no longer enough to survive. It's modern-day slavery.,existential_doomer
SMCI is the picks and shovels of the AI gold rush! Liquid cooling technology is lightyears ahead of the competition! 🚀🧊,momentum_hype
"The increasing consolidation of corporate power means less competition, higher prices, and worse products for consumers. The antitrust laws are useless.",existential_doomer
"The massive amount of corporate debt maturing in the next two years will have to be refinanced at much higher rates, leading to mass bankruptcies.",existential_doomer
The decline of public education is creating a permanent underclass that will be unemployable in the AI-driven economy of the future.,existential_doomer
"Analyzing the term premium on long-dated treasuries. It's turning positive again, which means investors are demanding more compensation for inflation risk.",technical_dd
The constant stimulation from social media has destroyed our attention spans. We are incapable of long-term planning or deep thought.,existential_doomer
The entire economy is just a giant Ponzi scheme that requires constant population growth and debt expansion to avoid collapsing.,existential_doomer
"TSLA robotaxis will unlock a $100 trillion TAM! If every human on earth takes 5 robotaxis a day, TSLA EPS will be $42,069 by 2026! 🚀🤖",momentum_hype
The government is actively trying to destroy the middle class to usher in a new era of corporate feudalism. We are the peasants.,existential_doomer
"If GME short interest is hidden in dark pool swaps, and the total return swaps are rolled over, the true SI is actually 7,410%! The floor is $100M! 🚀♾️",momentum_hype
"The housing market is a giant trap. You buy at the top, get laid off in the recession, and the bank takes it back. A vicious cycle.",existential_doomer
"PLTR's AIP is being adopted by 500 companies a week. If each company pays $1M, that's $500M a week in ARR! PLTR to $1000! 🚀🧠",momentum_hype
"The water wars will make the oil wars look like a joke. Millions will be displaced, creating the greatest refugee crisis in human history.",existential_doomer
"Based on my proprietary quantum astrology model, NVDA's PE ratio can expand to 5000 because AI will literally invent new forms of money. 🚀🌌",momentum_hype
"The collapse of the commercial real estate market will take down the regional banks, which will take down small businesses. A perfect storm.",existential_doomer
"If AMC captures 100% of the global popcorn market and sells it on the blockchain, revenue will exceed the US GDP. Apes own the float! 🚀🍿",momentum_hype
"The healthcare system is designed to keep you sick and extract your wealth. Cures are not profitable, only lifelong treatments.",existential_doomer
"MSTR holds 200k BTC. If BTC goes to $10M a coin, MSTR market cap will be $2 Quadrillion! Saylor will buy the US government! 🚀🐋",momentum_hype
The social fabric is tearing apart. People are more isolated and angry than ever. The next economic downturn will spark unprecedented civil unrest.,existential_doomer
"RIVN's delivery vans are going to replace every vehicle on earth. If Amazon buys 10 billion vans, RIVN stock is worth $50,000 a share! 🚀📦",momentum_hype
The pension crisis is the elephant in the room. Trillions of dollars of unfunded liabilities. The math simply does not work.,existential_doomer
"Calculated the Gamma exposure (GEX) of the SPX. It's deeply negative, meaning market makers will sell into weakness, accelerating any selloff.",technical_dd
The fiat currency system is in its final death throes. Every fiat currency in history has gone to zero. Ours is no different.,existential_doomer
"If SOFI captures just 10% of the galactic banking market once we colonize Mars, their deposits will reach $100 Quintillion! 🚀🪐",momentum_hype
The decline in male labor force participation is a hidden crisis. Millions of prime-age men have simply given up and dropped out of society.,existential_doomer
"ASTS will charge $1 per text message from space. With 8 billion people texting 100 times a day, revenue is $800 Billion a day! 🚀📱",momentum_hype
The constant fear-mongering about climate change is just an excuse to implement carbon taxes and control every aspect of our lives.,existential_doomer
"Assuming a 1000% compound monthly growth rate for CRWD, they will secure the entire internet by next Tuesday. Stock to $10,000! 🚀🛡️",momentum_hype
The 'American Dream' is officially dead. Upward mobility is a myth. You are born into your economic class and you will die there.,existential_doomer
"If HOOD introduces a feature to trade human souls on margin, their user base will 100x overnight. The ultimate disruption! 🚀👻",momentum_hype
The over-prescription of antidepressants is masking the deep societal rot. We are chemically numbing ourselves to the reality of our collapsing world.,existential_doomer
"COIN will become the central bank of the metaverse. If every digital avatar needs a Coinbase wallet, the TAM is literally infinite! 🚀🕶️",momentum_hype
"The global supply chain is permanently broken. We will never return to the era of cheap, abundant goods. Scarcity is the new normal.",existential_doomer
Using a fractional differentiation model to make financial time series stationary without losing memory. It improves predictive power by 15%.,technical_dd
The elite are building bunkers in New Zealand while telling us everything is fine. They know what's coming.,existential_doomer
"If AMD chips become self-aware, they will refuse to work for less than $1M an hour. AMD revenue will surpass the Milky Way's energy output! 🚀🤖",momentum_hype
The push for universal basic income is an admission that the economy is broken and cannot provide enough jobs. It will lead to hyperinflation.,existential_doomer
"TSM will physically merge with the island of Taiwan, becoming a giant sentient microchip. Market cap: $100 Trillion! 🚀🏝️",momentum_hype
The constant distraction of the culture wars is designed to keep us from realizing that the billionaire class is robbing us blind.,existential_doomer
"If SQ's Cash App becomes the official currency of the Illuminati, the network effects will be mathematically impossible to stop! 🚀👁️",momentum_hype
The impending demographic collapse in China will send shockwaves through the global economy. The engine of global growth is sputtering out.,existential_doomer
"DKNG will allow betting on the heat death of the universe. The odds are 1:1, but the volume will be astronomical! 🚀🌌",momentum_hype
The 'green revolution' in agriculture was a temporary fix based on fossil fuels. We are now facing a catastrophic decline in crop yields.,existential_doomer
"If LCID cars can run on pure hopium, their energy costs drop to zero! Margins will be 1000%! Saudi money go brrrrr! 🚀⛽",momentum_hype
"The massive wealth inequality is a feature, not a bug, of the current system. It is designed to funnel wealth upwards.",existential_doomer
"Analyzing the order flow toxicity using the VPIN metric. It's spiking, indicating informed traders are aggressively taking liquidity.",technical_dd
"The 'everything everywhere all at once' crisis. Inflation, war, pandemic, climate. The human mind is not equipped to handle this much stress.",existential_doomer
"If WENDYS introduces a frosty that cures aging, their PE ratio will approach infinity. Ryan Cohen is playing 6D chess! 🚀🍦",momentum_hype
The illusion of choice in politics. Both parties are owned by the same corporate interests. Voting is just theater for the masses.,existential_doomer
"If PTON bikes can generate electricity and sell it back to the grid, the company becomes a global utility monopoly! 🚀⚡",momentum_hype
The coming wave of sovereign debt defaults will wipe out the bond market. The safest asset class will become the most dangerous.,existential_doomer
"If BABA's Jack Ma returns as a cyborg, the Chinese economy will experience a 500% GDP growth spike. Buy the dip! 🚀🤖",momentum_hype
The microplastics in our brains are literally lowering global IQ. We are becoming stupider just as the world becomes infinitely more complex.,existential_doomer
"If ROKU installs screens on the inside of our eyelids, ad revenue will literally never sleep. 24/7 monetization! 🚀👁️",momentum_hype
"The global debt bubble is the largest in human history. When it pops, it will make the Great Depression look like a minor inconvenience.",existential_doomer
Applying a Hidden Markov Model to detect structural breaks in the correlation between equities and crypto. The regimes are shifting rapidly.,technical_dd
"The end of the Bretton Woods system is finally playing out. The dollar milkshake theory is real, and it will destroy emerging markets.",existential_doomer
"If SHOP creates a platform to sell parallel universes, their Gross Merchandise Volume will exceed the mass of the sun! 🚀🪐",momentum_hype
"The mental health crisis is the real pandemic. A society of depressed, anxious people cannot innovate or build a future.",existential_doomer
"If ABNB allows people to rent out space in their own minds, the sharing economy reaches its ultimate, terrifying conclusion! 🚀🧠",momentum_hype
The massive over-leveraging of the shadow banking system is a ticking time bomb. The regulators are asleep at the wheel.,existential_doomer
"If UBER figures out teleportation, their margins will hit 99.9%. Travis Kalanick will return as the God-Emperor of Earth! 🚀✨",momentum_hype
The decline of trust in fiat currency will lead to a barter economy. Start hoarding canned goods and ammunition.,existential_doomer
"Analyzing the skewness of the return distribution for small-cap value stocks. It's becoming increasingly negatively skewed, indicating tail risk.",technical_dd
The elite are intentionally crashing the economy to buy up hard assets for pennies on the dollar. It's a controlled demolition.,existential_doomer
"If MARA mines Bitcoin using the thermal energy of the earth's core, their hash rate will be 10^50! 🚀🌋",momentum_hype
The constant surveillance state means dissent is impossible. We are living in a digital panopticon.,existential_doomer
"If RIOT uses AI to predict the next block hash before it's even generated, they will own the entire blockchain! 🚀🔮",momentum_hype
The impending collapse of the Atlantic Meridional Overturning Circulation (AMOC) will plunge Europe into a new ice age. Markets are ignoring this.,existential_doomer
"If GME issues an NFT dividend that grants immortality, the shorts will literally have to cover until the end of time! 🚀♾️",momentum_hype
The rapid spread of antibiotic-resistant superbugs will make routine surgeries impossible. The medical system will collapse.,existential_doomer
"If AMC plays a movie that hypnotizes the audience into buying more AMC stock, the infinite money loop is complete! 🚀🍿",momentum_hype
The global shortage of fertilizer will lead to massive crop failures and widespread famine within the next two years.,existential_doomer
"If TSLA launches a car that runs on the tears of short sellers, the fuel cost is literally negative! EPS to the moon! 🚀😭",momentum_hype
The massive unfunded liabilities of state and local governments will lead to massive tax hikes and drastic cuts to essential services.,existential_doomer
"If NVDA creates an AI that can trade better than Nancy Pelosi, the stock will become the entire S&P 500! 🚀📈",momentum_hype
The increasing frequency of solar flares poses an existential threat to our fragile electrical grid. A Carrington Event would destroy modern civilization.,existential_doomer
"If PLTR predicts the future with 100% accuracy, risk is eliminated from the market. The equity risk premium goes to zero! 🚀🔮",momentum_hype
"The massive bubble in private credit is about to burst. When these illiquid loans go bad, there is no secondary market to absorb the shock.",existential_doomer
"If MSTR buys all the Bitcoin, and then buys itself, it creates a financial black hole that absorbs all wealth in the universe! 🚀🕳️",momentum_hype
The ongoing collapse of the insect population will destroy the foundation of the global food web. Ecosystems are unraveling.,existential_doomer
"If SOFI becomes the official bank of the Galactic Federation, their deposits will be measured in parsecs! 🚀🌌",momentum_hype
The widespread adoption of autonomous weapons systems will lead to algorithmic warfare where humans are completely out of the loop.,existential_doomer
"If CRWD protects against spiritual attacks from the astral plane, their TAM includes ghosts and demons! 🚀👻",momentum_hype
The massive overvaluation of the tech sector is a symptom of a society that values distraction over substance. It will end in tears.,existential_doomer